"nbapersonid","career_outcome","first_four_years","player","draftyear"
255,"Starter",2007,"Grant Hill",1994
406,"Starter",2007,"Shaquille O'Neal",1992
467,"Starter",2007,"Jason Kidd",1994
686,"Starter",2009,"Antonio McDyess",1995
708,"Starter",2007,"Kevin Garnett",1995
711,"Rotation",2007,"Jerry Stackhouse",1995
739,"Starter",2007,"Rasheed Wallace",1995
947,"All-Star",2007,"Allen Iverson",1996
948,"Starter",2007,"Marcus Camby",1996
951,"Starter",2007,"Ray Allen",1996
956,"Starter",2007,"Erick Dampier",1996
959,"Starter",2007,"Steve Nash",1996
977,"Elite",2007,"Kobe Bryant",1996
1112,"Starter",2007,"Ben Wallace",1996
1477,"Starter",2007,"Bruce Bowen",1993
1495,"Starter",2007,"Tim Duncan",1997
1497,"Starter",2007,"Chauncey Billups",1997
1503,"Starter",2007,"Tracy McGrady",1997
1536,"Starter",2007,"Stephen Jackson",1997
1585,"Out of the League",2021,NA,NA
1710,"Starter",2009,"Mike Bibby",1998
1712,"All-Star",2007,"Antawn Jamison",1998
1713,"Starter",2007,"Vince Carter",1998
1717,"Starter",2007,"Dirk Nowitzki",1998
1718,"Starter",2007,"Paul Pierce",1998
1733,"Starter",2008,"Al Harrington",1998
1740,"Starter",2007,"Rashard Lewis",1998
1747,"Starter",2007,"Rafer Alston",1998
1802,"Starter",2007,"Brad Miller",1998
1882,"Starter",2010,"Elton Brand",1999
1884,"Starter",2007,"Baron Davis",1999
1885,"Starter",2008,"Lamar Odom",1999
1888,"Roster",2007,"Richard Hamilton",1999
1889,"Starter",2007,"Andre Miller",1999
1890,"Starter",2007,"Shawn Marion",1999
1891,"Starter",2007,"Jason Terry",1999
1894,"Rotation",2008,"Corey Maggette",1999
1897,"Starter",2007,"Metta World Peace",1999
1899,"Starter",2007,"James Posey",1999
1905,"Starter",2007,"Andrei Kirilenko",1999
1938,"Starter",2007,"Manu Ginobili",1999
1952,"Starter",2007,"Raja Bell",1999
2030,"Starter",2009,"Kenyon Martin",2000
2034,"Roster",2016,"Mike Miller",2000
2037,"Starter",2008,"Jamal Crawford",2000
2038,"Starter",2008,"Joel Przybilla",2000
2045,"Starter",2007,"Hedo Turkoglu",2000
2067,"Rotation",2008,"Eddie House",2000
2072,"Starter",2007,"Michael Redd",2000
2199,"Starter",2007,"Tyson Chandler",2001
2200,"Starter",2008,"Pau Gasol",2001
2202,"Starter",2007,"Jason Richardson",2001
2203,"Starter",2007,"Shane Battier",2001
2207,"Rotation",2007,"Joe Johnson",2001
2210,"Rotation",2016,"Richard Jefferson",2001
2216,"Starter",2009,"Zach Randolph",2001
2217,"Starter",2009,"Brendan Haywood",2001
2222,"Starter",2007,"Gerald Wallace",2001
2223,"Starter",2007,"Samuel Dalembert",2001
2225,"Starter",2007,"Tony Parker",2001
2229,"Out of the League",2017,"Mike James",1998
2240,"Rotation",2007,"Gilbert Arenas",2001
2246,"Starter",2008,"Mehmet Okur",2001
2365,"Rotation",2008,"Chris Andersen",1999
2397,"All-Star",2007,"Yao Ming",2002
2399,"Starter",2007,"Mike Dunleavy",2002
2400,"Starter",2011,"Drew Gooden",2002
2403,"Starter",2008,"Nene Hilario",2002
2405,"Starter",2007,"Amar'e Stoudemire",2002
2406,"All-Star",2007,"Caron Butler",2002
2419,"Starter",2007,"Tayshaun Prince",2002
2422,"Starter",2008,"John Salmons",2002
2427,"Starter",2007,"Roger Mason",2002
2430,"Starter",2007,"Carlos Boozer",2002
2434,"Starter",2007,"Juan Carlos Navarro",2002
2436,"Rotation",2008,"Flip Murray",2002
2440,"Starter",2009,"Matt Barnes",2002
2446,"Starter",2008,"Rasual Butler",2002
2449,"Starter",2007,"Luis Scola",2002
2544,"Elite",2007,"LeBron James",2003
2546,"Starter",2007,"Carmelo Anthony",2003
2547,"Out of the League",2007,"Chris Bosh",2003
2548,"Starter",2007,"Dwyane Wade",2003
2549,"Starter",2007,"Chris Kaman",2003
2550,"Rotation",2008,"Kirk Hinrich",2003
2551,"Rotation",2007,"T.J. Ford",2003
2555,"Roster",2016,"Nick Collison",2003
2557,"Starter",2008,"Luke Ridnour",2003
2561,"Starter",2007,"David West",2003
2564,"Rotation",2015,"Boris Diaw",2003
2566,"Starter",2007,"Travis Outlaw",2003
2570,"Starter",2008,"Kendrick Perkins",2003
2571,"Starter",2007,"Leandro Barbosa",2003
2572,"Starter",2007,"Josh Howard",2003
2574,"Rotation",2008,"Jason Kapono",2003
2585,"Starter",2015,"Zaza Pachulia",2003
2586,"Starter",2010,"Keith Bogans",2003
2588,"Rotation",2010,"Matt Bonner",2003
2590,"Rotation",2008,"Mo Williams",2003
2592,"Roster",2016,"James Jones",2003
2594,"Rotation",2007,"Kyle Korver",2003
2617,"Starter",2009,"Udonis Haslem",2002
2730,"Starter",2007,"Dwight Howard",2004
2731,"Starter",2008,"Emeka Okafor",2004
2732,"Starter",2007,"Ben Gordon",2004
2733,"Starter",2013,"Shaun Livingston",2004
2734,"Rotation",2008,"Devin Harris",2004
2735,"Starter",2007,"Josh Childress",2004
2736,"Starter",2010,"Luol Deng",2004
2738,"Starter",2007,"Andre Iguodala",2004
2743,"Starter",2010,"Kris Humphries",2004
2744,"Starter",2007,"Al Jefferson",2004
2746,"Starter",2007,"Josh Smith",2004
2747,"Starter",2007,"J.R. Smith",2004
2748,"Starter",2010,"Dorell Wright",2004
2749,"Starter",2008,"Jameer Nelson",2004
2754,"Starter",2010,"Tony Allen",2004
2755,"Starter",2010,"Kevin Martin",2004
2756,"Roster",2016,"Sasha Vujacic",2004
2757,"Starter",2007,"Beno Udrih",2004
2760,"Starter",2008,"Anderson Varejao",2004
2772,"Starter",2008,"Trevor Ariza",2004
2804,"Starter",2007,"Andres Nocioni",2001
2863,"Roster",2017,"Damien Wilkins",2004
43008,"Out of the League",2018,NA,NA
43052,"Out of the League",2016,NA,NA
43065,"Out of the League",2016,NA,NA
44216,"Out of the League",2016,NA,NA
44290,"Out of the League",2017,NA,NA
44293,"Out of the League",2017,NA,NA
44302,"Out of the League",2018,NA,NA
44306,"Out of the League",2016,NA,NA
44561,"Out of the League",2019,NA,NA
44685,"Out of the League",2017,NA,NA
44701,"Out of the League",2017,NA,NA
44707,"Out of the League",2017,NA,NA
44709,"Out of the League",2016,NA,NA
44882,"Out of the League",2017,NA,NA
44885,"Out of the League",2017,NA,NA
45522,"Out of the League",2016,NA,NA
51128,"Out of the League",2018,NA,NA
51342,"Out of the League",2016,NA,NA
51393,"Out of the League",2016,NA,NA
51483,"Out of the League",2016,NA,NA
51806,"Out of the League",2016,NA,NA
51992,"Out of the League",2016,NA,NA
52126,"Out of the League",2017,NA,NA
52210,"Out of the League",2016,NA,NA
52241,"Out of the League",2017,NA,NA
52244,"Out of the League",2017,NA,NA
52261,"Out of the League",2016,NA,NA
52312,"Out of the League",2016,NA,NA
52330,"Out of the League",2016,NA,NA
52335,"Out of the League",2016,NA,NA
52339,"Out of the League",2017,NA,NA
52441,"Out of the League",2016,NA,NA
52465,"Out of the League",2017,NA,NA
52530,"Out of the League",2017,NA,NA
55291,"Out of the League",2017,NA,NA
55586,"Out of the League",2019,NA,NA
55648,"Out of the League",2018,NA,NA
56123,"Out of the League",2019,NA,NA
56174,"Out of the League",2017,NA,NA
56442,"Out of the League",2017,NA,NA
56538,"Out of the League",2016,NA,NA
57177,"Out of the League",2017,NA,NA
57182,"Out of the League",2017,NA,NA
57185,"Out of the League",2017,NA,NA
57198,"Out of the League",2016,NA,NA
101106,"Starter",2007,"Andrew Bogut",2005
101107,"Starter",2016,"Marvin Williams",2005
101108,"Starter",2007,"Chris Paul",2005
101109,"Starter",2010,"Raymond Felton",2005
101112,"Starter",2009,"Channing Frye",2005
101114,"Starter",2007,"Deron Williams",2005
101115,"Starter",2007,"Andrew Bynum",2005
101119,"Starter",2007,"Rashad McCants",2005
101122,"Starter",2007,"Danny Granger",2005
101123,"Starter",2013,"Gerald Green",2005
101124,"Starter",2008,"Hakim Warrick",2005
101126,"Starter",2008,"Nate Robinson",2005
101127,"Starter",2007,"Jarrett Jack",2005
101131,"Rotation",2007,"Jason Maxiell",2005
101132,"Rotation",2007,"Linas Kleiza",2005
101133,"Starter",2015,"Ian Mahinmi",2005
101135,"Starter",2007,"David Lee",2005
101138,"Rotation",2007,"Brandon Bass",2005
101139,"Rotation",2016,"C.J. Miles",2005
101139,"Rotation",2016,"CJ Miles",2005
101141,"Starter",2009,"Ersan Ilyasova",2005
101142,"Rotation",2008,"Ronny Turiaf",2005
101144,"Rotation",2008,"Von Wafer",2005
101145,"Starter",2007,"Monta Ellis",2005
101150,"Starter",2007,"Lou Williams",2005
101154,"Starter",2009,"Andray Blatche",2005
101161,"Starter",2016,"Amir Johnson",2005
101162,"Starter",2010,"Marcin Gortat",2005
101181,"Starter",2007,"Jose Calderon",2003
101187,"Roster",2016,"Alan Anderson",2005
101235,"Starter",2008,"Kelenna Azubuike",2005
101236,"Starter",2010,"Chuck Hayes",2005
101249,"Roster",2016,"John Lucas III",2005
200081,"Starter",2007,"Jamario Moon",2001
200745,"Starter",2007,"Andrea Bargnani",2006
200746,"Starter",2007,"LaMarcus Aldridge",2006
200748,"Starter",2008,"Tyrus Thomas",2006
200750,"All-Star",2007,"Brandon Roy",2006
200751,"Starter",2016,"Randy Foye",2006
200752,"Starter",2007,"Rudy Gay",2006
200755,"Starter",2009,"J.J. Redick",2006
200757,"Starter",2009,"Thabo Sefolosha",2006
200758,"Starter",2007,"Ronnie Brewer",2006
200765,"Starter",2007,"Rajon Rondo",2006
200768,"Starter",2007,"Kyle Lowry",2006
200770,"Rotation",2007,"Jordan Farmar",2006
200771,"Rotation",2016,"Sergio Rodriguez",2006
200779,"Rotation",2011,"Steve Novak",2006
200782,"Starter",2013,"P.J. Tucker",2006
200782,"Starter",2013,"PJ Tucker",2006
200789,"Rotation",2007,"Daniel Gibson",2006
200794,"Starter",2007,"Paul Millsap",2006
200826,"Rotation",2008,"J.J. Barea",2006
201141,"Starter",2008,"Greg Oden",2007
201142,"Starter",2007,"Kevin Durant",2007
201143,"Starter",2007,"Al Horford",2007
201144,"Starter",2007,"Mike Conley",2007
201145,"Starter",2007,"Jeff Green",2007
201146,"Starter",2007,"Jianlian Yi",2007
201147,"Starter",2009,"Corey Brewer",2007
201148,"Roster",2011,"Brandan Wright",2007
201149,"Starter",2009,"Joakim Noah",2007
201150,"Roster",2016,"Spencer Hawes",2007
201152,"Starter",2007,"Thaddeus Young",2007
201154,"Starter",2007,"Al Thornton",2007
201155,"Starter",2007,"Rodney Stuckey",2007
201156,"Starter",2010,"Nick Young",2007
201157,"Rotation",2007,"Sean Williams",2007
201158,"Starter",2013,"Marco Belinelli",2007
201160,"Rotation",2016,"Jason Smith",2007
201162,"Starter",2009,"Jared Dudley",2007
201163,"Starter",2008,"Wilson Chandler",2007
201164,"Rotation",2008,"Rudy Fernandez",2007
201166,"Starter",2008,"Aaron Brooks",2007
201167,"Starter",2009,"Arron Afflalo",2007
201168,"Rotation",2011,"Tiago Splitter",2007
201171,"Rotation",2007,"Carl Landry",2007
201175,"Starter",2008,"Glen Davis",2007
201177,"Roster",2016,"Josh McRoberts",2007
201188,"Starter",2008,"Marc Gasol",2007
201196,"Rotation",2007,"Ramon Sessions",2007
201202,"Starter",2011,"Joel Anthony",2007
201228,"Rotation",2011,"C.J. Watson",2006
201229,"Rotation",2016,"Anthony Tolliver",2007
201274,"Roster",2011,"Ivan Johnson",2008
201285,"Out of the League",2018,NA,NA
201563,"Starter",2008,"Michael Beasley",2008
201564,"Starter",2008,"O.J. Mayo",2008
201565,"Starter",2008,"Derrick Rose",2008
201566,"Starter",2008,"Russell Westbrook",2008
201567,"Starter",2008,"Kevin Love",2008
201568,"Starter",2009,"Danilo Gallinari",2008
201569,"Starter",2008,"Eric Gordon",2008
201571,"Starter",2008,"D.J. Augustin",2008
201571,"Starter",2008,"DJ Augustin",2008
201572,"Starter",2008,"Brook Lopez",2008
201573,"Roster",2016,"Jerryd Bayless",2008
201575,"Rotation",2016,"Brandon Rush",2008
201577,"Starter",2008,"Robin Lopez",2008
201578,"Starter",2011,"Marreese Speights",2008
201579,"Starter",2010,"Roy Hibbert",2008
201580,"Starter",2010,"JaVale McGee",2008
201581,"Starter",2009,"J.J. Hickson",2008
201582,"Roster",2016,"Alexis Ajinca",2008
201583,"Starter",2011,"Ryan Anderson",2008
201584,"Starter",2008,"Courtney Lee",2008
201585,"Starter",2016,"Kosta Koufos",2008
201586,"Starter",2010,"Serge Ibaka",2008
201587,"Starter",2008,"Nicolas Batum",2008
201588,"Starter",2009,"George Hill",2008
201589,"Rotation",2010,"Darrell Arthur",2008
201593,"Starter",2011,"Nikola Pekovic",2008
201596,"Starter",2008,"Mario Chalmers",2008
201599,"Starter",2010,"DeAndre Jordan",2008
201600,"Starter",2012,"Omer Asik",2008
201601,"Starter",2009,"Luc Mbah a Moute",2008
201604,"Starter",2009,"Chris Douglas-Roberts",2008
201609,"Starter",2011,"Goran Dragic",2008
201627,"Starter",2009,"Anthony Morrow",2008
201628,"Roster",2016,"Bobby Brown",2007
201880,"Roster",2011,"Greg Stiemsma",2008
201933,"Starter",2010,"Blake Griffin",2009
201935,"Starter",2009,"James Harden",2009
201936,"Starter",2009,"Tyreke Evans",2009
201937,"Starter",2011,"Ricky Rubio",2009
201938,"Starter",2009,"Jonny Flynn",2009
201939,"Starter",2009,"Stephen Curry",2009
201941,"Roster",2016,"Jordan Hill",2009
201942,"Starter",2010,"DeMar DeRozan",2009
201943,"Starter",2009,"Brandon Jennings",2009
201944,"Rotation",2009,"Terrence Williams",2009
201945,"Starter",2011,"Gerald Henderson",2009
201946,"Rotation",2010,"Tyler Hansbrough",2009
201947,"Starter",2012,"Earl Clark",2009
201949,"Starter",2016,"James Johnson",2009
201950,"Starter",2010,"Jrue Holiday",2009
201951,"Starter",2010,"Ty Lawson",2009
201952,"Starter",2011,"Jeff Teague",2009
201954,"Starter",2009,"Darren Collison",2009
201956,"Rotation",2009,"Omri Casspi",2009
201959,"Starter",2009,"Taj Gibson",2009
201960,"Starter",2014,"DeMarre Carroll",2009
201961,"Starter",2016,"Wayne Ellington",2009
201962,"Rotation",2010,"Toney Douglas",2009
201967,"Starter",2016,"Dante Cunningham",2009
201971,"Starter",2009,"DeJuan Blair",2009
201973,"Starter",2009,"Jonas Jerebko",2009
201975,"Starter",2010,"Jodie Meeks",2009
201976,"Starter",2013,"Patrick Beverley",2009
201977,"Rotation",2009,"Marcus Thornton",2009
201979,"Rotation",2013,"Nick Calathes",2009
201980,"Starter",2011,"Danny Green",2009
201988,"Starter",2013,"Patty Mills",2009
202066,"Starter",2016,"Garrett Temple",2009
202083,"Starter",2010,"Wesley Matthews",2009
202087,"Roster",2016,"Alonzo Gee",2009
202322,"Starter",2010,"John Wall",2010
202323,"Starter",2011,"Evan Turner",2010
202324,"Starter",2010,"Derrick Favors",2010
202325,"Starter",2010,"Wesley Johnson",2010
202326,"Starter",2010,"DeMarcus Cousins",2010
202327,"Roster",2017,"Ekpe Udoh",2010
202328,"Starter",2010,"Greg Monroe",2010
202329,"Starter",2016,"Al-Farouq Aminu",2010
202330,"Starter",2011,"Gordon Hayward",2010
202331,"Starter",2010,"Paul George",2010
202332,"Roster",2016,"Cole Aldrich",2010
202334,"Rotation",2015,"Ed Davis",2010
202335,"Starter",2015,"Patrick Patterson",2010
202336,"Starter",2012,"Larry Sanders",2010
202337,"Starter",2012,"Luke Babbitt",2010
202338,"Roster",2016,"Kevin Séraphin",2010
202339,"Starter",2010,"Eric Bledsoe",2010
202340,"Starter",2011,"Avery Bradley",2010
202344,"Starter",2016,"Trevor Booker",2010
202347,"Roster",2016,"Quincy Pondexter",2010
202348,"Rotation",2012,"Jordan Crawford",2010
202349,"Starter",2012,"Greivis Vasquez",2010
202355,"Starter",2014,"Hassan Whiteside",2010
202357,"Starter",2016,"Nemanja Bjelica",2010
202361,"Starter",2010,"Landry Fields",2010
202362,"Starter",2012,"Lance Stephenson",2010
202389,"Starter",2013,"Timofey Mozgov",2008
202390,"Rotation",2010,"Gary Neal",2007
202391,"Starter",2011,"Jeremy Lin",2010
202397,"Starter",2016,"Ish Smith",2010
202498,"Rotation",2016,"Lance Thomas",2010
202620,"Roster",2016,"Arinze Onuaku",2010
202681,"Starter",2011,"Kyrie Irving",2011
202682,"Rotation",2011,"Derrick Williams",2011
202683,"Starter",2011,"Enes Kanter",2011
202683,"Starter",2011,"Enes Freedom",2011
202684,"Starter",2011,"Tristan Thompson",2011
202685,"Starter",2012,"Jonas Valanciunas",2011
202687,"Starter",2011,"Bismack Biyombo",2011
202688,"Starter",2011,"Brandon Knight",2011
202689,"Starter",2011,"Kemba Walker",2011
202691,"Starter",2011,"Klay Thompson",2011
202692,"Starter",2011,"Alec Burks",2011
202693,"Starter",2011,"Markieff Morris",2011
202694,"Starter",2011,"Marcus Morris",2011
202695,"Starter",2011,"Kawhi Leonard",2011
202696,"Starter",2011,"Nikola Vucevic",2011
202697,"Starter",2011,"Iman Shumpert",2011
202699,"Starter",2012,"Tobias Harris",2011
202700,"Starter",2014,"Donatas Motiejunas",2011
202702,"Starter",2011,"Kenneth Faried",2011
202703,"Starter",2014,"Nikola Mirotic",2011
202704,"Starter",2013,"Reggie Jackson",2011
202705,"Starter",2011,"MarShon Brooks",2011
202708,"Rotation",2011,"Norris Cole",2011
202709,"Starter",2016,"Cory Joseph",2011
202710,"Starter",2012,"Jimmy Butler",2011
202711,"Starter",2014,"Bojan Bogdanovic",2011
202713,"Starter",2012,"Kyle Singler",2011
202714,"Rotation",2016,"Shelvin Mack",2011
202718,"Starter",2011,"Chandler Parsons",2011
202720,"Rotation",2016,"Jon Leuer",2011
202722,"Rotation",2016,"Davis Bertans",2011
202729,"Roster",2011,"Josh Selby",2011
202730,"Roster",2016,"Lavoy Allen",2011
202732,"Roster",2016,"DeAndre Liggins",2011
202734,"Starter",2016,"E'Twaun Moore",2011
202738,"Starter",2011,"Isaiah Thomas",2011
202779,"Roster",2017,"Dwight Buycks",2011
202933,"Roster",2017,"Julyan Stone",2011
202937,"Out of the League",2016,NA,NA
202954,"Rotation",2018,"Brad Wanamaker",2011
202969,"Out of the League",2016,NA,NA
202970,"Rotation",2011,"Gustavo Ayon",2007
202996,"Out of the League",2018,NA,NA
203076,"Starter",2012,"Anthony Davis",2012
203077,"Starter",2012,"Michael Kidd-Gilchrist",2012
203078,"Starter",2012,"Bradley Beal",2012
203079,"Starter",2012,"Dion Waiters",2012
203080,"Roster",2016,"Thomas Robinson",2012
203081,"Starter",2012,"Damian Lillard",2012
203082,"Starter",2016,"Terrence Ross",2012
203083,"Starter",2012,"Andre Drummond",2012
203084,"Starter",2012,"Harrison Barnes",2012
203085,"Starter",2016,"Austin Rivers",2012
203086,"Starter",2014,"Meyers Leonard",2012
203087,"Starter",2016,"Jeremy Lamb",2012
203089,"Starter",2016,"John Henson",2012
203090,"Starter",2012,"Maurice Harkless",2012
203092,"Starter",2012,"Tyler Zeller",2012
203093,"Starter",2012,"Terrence Jones",2012
203094,"Rotation",2012,"Andrew Nicholson",2012
203095,"Starter",2015,"Evan Fournier",2012
203096,"Starter",2013,"Jared Sullinger",2012
203098,"Roster",2012,"John Jenkins",2012
203101,"Starter",2013,"Miles Plumlee",2012
203105,"Starter",2012,"Festus Ezeli",2012
203106,"Rotation",2012,"Jeff Taylor",2012
203107,"Starter",2016,"Tomas Satoransky",2012
203109,"Starter",2012,"Jae Crowder",2012
203110,"Starter",2012,"Draymond Green",2012
203112,"Rotation",2016,"Quincy Acy",2012
203114,"Starter",2014,"Khris Middleton",2012
203115,"Starter",2015,"Will Barton",2012
203118,"Rotation",2016,"Mike Scott",2012
203120,"Rotation",2016,"Justin Hamilton",2012
203121,"Rotation",2017,"Darius Miller",2012
203123,"Roster",2014,"Kostas Papanikolaou",2012
203124,"Rotation",2016,"Kyle O'Quinn",2012
203138,"Starter",2013,"Hollis Thompson",2012
203141,"Rotation",2015,"Mirza Teletovic",2007
203142,"Roster",2012,"Chris Copeland",2006
203144,"Rotation",2012,"Alexey Shved",2010
203145,"Starter",2015,"Kent Bazemore",2012
203147,"Out of the League",2021,"Chris Smith",2012
203148,"Rotation",2012,"Brian Roberts",2008
203186,"Rotation",2016,"Willie Reed",2011
203200,"Starter",2016,"Justin Holiday",2011
203210,"Starter",2016,"JaMychal Green",2012
203254,"Out of the League",2016,NA,NA
203263,"Roster",2018,"James Nunnally",2012
203373,"Out of the League",2016,NA,NA
203382,"Starter",2016,"Aron Baynes",2009
203456,"Out of the League",2007,NA,NA
203457,"Starter",2014,"Nerlens Noel",2013
203458,"Starter",2013,"Alex Len",2013
203459,"Starter",2015,"Allen Crabbe",2013
203460,"Starter",2013,"Andre Roberson",2013
203461,"Roster",2013,"Anthony Bennett",2013
203463,"Starter",2013,"Ben McLemore",2013
203464,"Roster",2017,"Brandon Paul",2013
203468,"Starter",2013,"C.J. McCollum",2013
203468,"Starter",2013,"CJ McCollum",2013
203469,"Starter",2013,"Cody Zeller",2013
203471,"Starter",2014,"Dennis Schröder",2013
203471,"Starter",2014,"Dennis Schroder",2013
203473,"Starter",2016,"Dewayne Dedmon",2013
203476,"Starter",2013,"Gorgui Dieng",2013
203477,"Roster",2016,"Isaiah Canaan",2013
203481,"Roster",2013,"Jeff Withey",2013
203482,"Starter",2013,"Kelly Olynyk",2013
203484,"Starter",2013,"Kentavious Caldwell-Pope",2013
203485,"Roster",2017,"Lorenzo Brown",2013
203486,"Starter",2013,"Mason Plumlee",2013
203487,"Starter",2013,"Michael Carter-Williams",2013
203488,"Rotation",2016,"Mike Muscala",2013
203489,"Rotation",2013,"Nate Wolters",2013
203490,"Starter",2016,"Otto Porter",2013
203492,"Roster",2013,"Ray McCallum Jr.",2013
203493,"Starter",2013,"Reggie Bullock",2013
203496,"Starter",2013,"Robert Covington",2013
203497,"Starter",2014,"Rudy Gobert",2013
203498,"Rotation",2013,"Shabazz Muhammad",2013
203499,"Roster",2017,"Shane Larkin",2013
203500,"Starter",2013,"Steven Adams",2013
203501,"Starter",2013,"Tim Hardaway Jr.",2013
203501,"Starter",2013,"Tim Hardaway",2013
203503,"Starter",2013,"Tony Snell",2013
203504,"Starter",2013,"Trey Burke",2013
203505,"Roster",2017,"Vander Blue",2013
203506,"Starter",2013,"Victor Oladipo",2013
203507,"Starter",2013,"Giannis Antetokounmpo",2013
203510,"Roster",2016,"Pierre Jackson",2013
203512,"Rotation",2016,"Lucas Nogueira",2013
203515,"Rotation",2013,"Phil Pressey",2013
203516,"Starter",2014,"James Ennis",2013
203518,"Rotation",2016,"Alex Abrines",2013
203521,"Starter",2013,"Matthew Dellavedova",2013
203524,"Starter",2016,"Solomon Hill",2013
203526,"Starter",2015,"Raul Neto",2013
203527,"Rotation",2013,"Ryan Kelly",2013
203530,"Roster",2016,"Joffrey Lauvergne",2013
203544,"Roster",2013,"Pero Antic",2004
203546,"Rotation",2016,"Ian Clark",2013
203547,"Out of the League",2017,NA,NA
203552,"Starter",2016,"Seth Curry",2013
203584,"Rotation",2016,"Troy Daniels",2013
203585,"Starter",2016,"Rodney McGruder",2013
203613,"Starter",2015,"Jonathon Simmons",2012
203648,"Roster",2019,"Thanasis Antetokounmpo",2014
203658,"Roster",2019,"Norvel Pelle",2014
203687,"Roster",2017,"Reggie Hearn",2013
203705,"Roster",2017,"Josh Magette",2012
203710,"Roster",2017,"C.J. Williams",2012
203758,"Out of the League",2016,NA,NA
203894,"Rotation",2014,"Shabazz Napier",2014
203895,"Roster",2016,"Jordan McRae",2014
203897,"Starter",2014,"Zach LaVine",2014
203898,"Roster",2014,"Tyler Ennis",2014
203901,"Starter",2014,"Elfrid Payton",2014
203902,"Roster",2016,"Semaj Christon",2014
203903,"Starter",2014,"Jordan Clarkson",2014
203907,"Out of the League",2018,NA,NA
203909,"Rotation",2014,"K.J. McDaniels",2014
203912,"Roster",2016,"C.J. Wilcox",2014
203914,"Starter",2015,"Gary Harris",2014
203915,"Starter",2014,"Spencer Dinwiddie",2014
203917,"Starter",2014,"Nik Stauskas",2014
203918,"Starter",2014,"Rodney Hood",2014
203920,"Roster",2017,"Khem Birch",2014
203922,"Starter",2016,"Glenn Robinson III",2014
203923,"Roster",2014,"James Young",2014
203924,"Starter",2014,"Jerami Grant",2014
203925,"Starter",2016,"Joe Harris",2014
203926,"Starter",2016,"Doug McDermott",2014
203928,"Roster",2014,"Cory Jefferson",2014
203930,"Rotation",2016,"Sean Kilpatrick",2014
203932,"Starter",2014,"Aaron Gordon",2014
203933,"Starter",2014,"T.J. Warren",2014
203935,"Starter",2014,"Marcus Smart",2014
203937,"Starter",2016,"Kyle Anderson",2014
203939,"Starter",2015,"Dwight Powell",2014
203940,"Roster",2016,"Adreian Payne",2014
203943,"Starter",2016,"Noah Vonleh",2014
203944,"Starter",2016,"Julius Randle",2014
203948,"Roster",2017,"Johnny O'Bryant",2014
203949,"Roster",2016,"James Michael McAdoo",2014
203950,"Out of the League",2018,"Jarnell Stokes",2014
203952,"Starter",2014,"Andrew Wiggins",2014
203953,"Starter",2014,"Jabari Parker",2014
203954,"Roster",2016,"Joel Embiid",2014
203956,"Roster",2014,"Mitch McGary",2014
203957,"Starter",2014,"Dante Exum",2014
203960,"Rotation",2014,"JaKarr Sampson",2014
203961,"Roster",2017,"Eric Moreland",2014
203962,"Roster",2016,"Josh Huestis",2014
203966,"Roster",2017,"Jamil Wilson",2014
203967,"Starter",2016,"Dario Saric",2014
203991,"Starter",2015,"Clint Capela",2014
203992,"Starter",2014,"Bogdan Bogdanovic",2014
203994,"Starter",2014,"Jusuf Nurkic",2014
203998,"Roster",2016,"Bruno Caboclo",2014
203999,"Starter",2015,"Nikola Jokic",2014
204001,"Starter",2015,"Kristaps Porzingis",2015
204014,"Rotation",2014,"Damjan Rudez",2008
204020,"Starter",2014,"Tyler Johnson",2014
204022,"Roster",2017,"Jack Cooley",2013
204025,"Rotation",2016,"Tim Frazier",2014
204028,"Rotation",2014,"Tarik Black",2014
204038,"Starter",2014,"Langston Galloway",2014
204060,"Starter",2014,"Joe Ingles",2009
204066,"Roster",2017,"John Holland",2011
204098,"Roster",2017,"Xavier Munford",2014
204211,"Out of the League",2017,NA,NA
204222,"Roster",2020,"Greg Whittington",2015
204456,"Starter",2015,"T.J. McConnell",2015
204456,"Starter",2015,"TJ McConnell",2015
629270,"Out of the League",2016,NA,NA
1626143,"Starter",2015,"Jahlil Okafor",2015
1626144,"Starter",2015,"Emmanuel Mudiay",2015
1626145,"Rotation",2016,"Tyus Jones",2015
1626147,"Roster",2015,"Justin Anderson",2015
1626148,"Roster",2017,"Anthony Brown",2015
1626149,"Starter",2016,"Montrezl Harrell",2015
1626150,"Starter",2016,"Andrew Harrison",2015
1626153,"Rotation",2016,"Delon Wright",2015
1626154,"Roster",2017,"R.J. Hunter",2015
1626155,"Rotation",2016,"Sam Dekker",2015
1626156,"Starter",2015,"D'Angelo Russell",2015
1626157,"Starter",2015,"Karl-Anthony Towns",2015
1626158,"Starter",2016,"Richaun Holmes",2015
1626159,"Starter",2015,"Justise Winslow",2015
1626161,"Starter",2015,"Willie Cauley-Stein",2015
1626162,"Starter",2016,"Kelly Oubre",2015
1626163,"Rotation",2015,"Frank Kaminsky",2015
1626164,"Starter",2015,"Devin Booker",2015
1626166,"Rotation",2015,"Cameron Payne",2015
1626167,"Starter",2015,"Myles Turner",2015
1626168,"Starter",2015,"Trey Lyles",2015
1626169,"Starter",2015,"Stanley Johnson",2015
1626170,"Rotation",2015,"Jerian Grant",2015
1626171,"Starter",2015,"Bobby Portis",2015
1626172,"Starter",2016,"Kevon Looney",2015
1626173,"Roster",2016,"Rashad Vaughn",2015
1626174,"Starter",2016,"Christian Wood",2015
1626175,"Roster",2016,"Jordan Mickey",2015
1626176,"Roster",2016,"Rakeem Christmas",2015
1626177,"Roster",2017,"Dakari Johnson",2015
1626178,"Starter",2015,"Rondae Hollis-Jefferson",2015
1626179,"Starter",2016,"Terry Rozier",2015
1626181,"Starter",2015,"Norman Powell",2015
1626184,"Roster",2018,"Chasson Randle",2015
1626185,"Starter",2016,"Jarell Martin",2015
1626187,"Roster",2019,"Michael Frazier",2015
1626188,"Rotation",2017,"Quinn Cook",2015
1626191,"Roster",2016,"Chris McCullough",2015
1626192,"Rotation",2016,"Pat Connaughton",2015
1626195,"Rotation",2016,"Willy Hernangomez",2015
1626196,"Starter",2015,"Josh Richardson",2015
1626199,"Roster",2016,"Darrun Hilliard",2015
1626202,"Roster",2015,"Joseph Young",2015
1626203,"Rotation",2016,"Treveon Graham",2015
1626204,"Rotation",2015,"Larry Nance Jr.",2015
1626204,"Rotation",2015,"Larry Nance",2015
1626205,"Roster",2017,"Vince Hunter",2015
1626209,"Rotation",2015,"Mario Hezonja",2015
1626210,"Roster",2016,"Alan Williams",2015
1626220,"Starter",2017,"Royce O'Neale",2015
1626224,"Starter",2017,"Cedi Osman",2015
1626242,"Roster",2017,"Luis Montero",2015
1626245,"Rotation",2016,"Cristiano Felicio",2014
1626246,"Roster",2015,"Boban Marjanovic",2010
1626254,"Roster",2016,"Maurice Ndour",2015
1626257,"Roster",2016,"Salah Mejri",2008
1626259,"Roster",2017,"Malcolm Miller",2015
1626273,"Roster",2015,"Marcelo Huertas",2005
1626306,"Out of the League",2016,NA,NA
1626643,"Roster",2017,"Jacob Pullen",2011
1626649,"Out of the League",2016,NA,NA
1627050,"Out of the League",2016,NA,NA
1627098,"Rotation",2016,"Malcolm Delaney",2011
1627215,"Roster",2018,"Walt Lemon",2014
1627362,"Roster",2017,"Briante Weber",2015
1627732,"Starter",2016,"Ben Simmons",2016
1627733,"Starter",2016,"Dragan Bender",2016
1627734,"Starter",2016,"Domantas Sabonis",2016
1627735,"Roster",2016,"Wade Baldwin",2016
1627736,"Starter",2016,"Malik Beasley",2016
1627737,"Starter",2016,"Marquese Chriss",2016
1627738,"Roster",2016,"Deyonta Davis",2016
1627739,"Starter",2016,"Kris Dunn",2016
1627740,"Roster",2016,"Henry Ellenson",2016
1627741,"Starter",2016,"Buddy Hield",2016
1627742,"Starter",2016,"Brandon Ingram",2016
1627743,"Roster",2016,"Demetrius Jackson",2016
1627744,"Roster",2016,"Brice Johnson",2016
1627745,"Rotation",2016,"Damian Jones",2016
1627746,"Rotation",2016,"Skal Labissière",2016
1627747,"Starter",2016,"Caris LeVert",2016
1627748,"Rotation",2016,"Thon Maker",2016
1627749,"Starter",2016,"Dejounte Murray",2016
1627750,"Starter",2016,"Jamal Murray",2016
1627751,"Starter",2016,"Jakob Poeltl",2016
1627752,"Starter",2016,"Taurean Prince",2016
1627753,"Roster",2017,"Zhou Qi",2016
1627754,"Roster",2016,"Diamond Stone",2016
1627755,"Starter",2016,"Tyler Ulis",2016
1627756,"Starter",2016,"Denzel Valentine",2016
1627757,"Roster",2016,"Stephen Zimmerman",2016
1627758,"Roster",2016,"Ron Baker",2016
1627759,"Starter",2016,"Jaylen Brown",2016
1627760,"Roster",2021,"Cat Barber",2016
1627761,"Rotation",2016,"DeAndre' Bembry",2016
1627762,"Roster",2016,"Joel Bolomboy",2016
1627763,"Starter",2016,"Malcolm Brogdon",2016
1627767,"Roster",2016,"Cheick Diallo",2016
1627770,"Roster",2016,"Kay Felder",2016
1627771,"Roster",2016,"Mike Gbinije",2016
1627772,"Roster",2017,"Daniel Hamilton",2016
1627773,"Roster",2016,"A.J. Hammons",2016
1627774,"Rotation",2016,"Jake Layman",2016
1627775,"Rotation",2016,"Patrick McCaw",2016
1627777,"Rotation",2016,"Georges Niang",2016
1627778,"Roster",2016,"Chinanu Onuaku",2016
1627779,"Roster",2017,"Marcus Paige",2016
1627780,"Rotation",2017,"Gary Payton II",2016
1627780,"Rotation",2017,"Gary Payton",2016
1627781,"Roster",2016,"Malachi Richardson",2016
1627782,"Roster",2017,"Wayne Selden",2016
1627783,"Starter",2016,"Pascal Siakam",2016
1627785,"Rotation",2016,"Isaiah Whitehead",2016
1627786,"Roster",2016,"Troy Williams",2016
1627787,"Roster",2016,"Kyle Wiltjer",2016
1627788,"Rotation",2017,"Furkan Korkmaz",2016
1627789,"Rotation",2016,"Timothe Luwawu-Cabarrot",2016
1627790,"Rotation",2017,"Ante Zizic",2016
1627812,"Starter",2016,"Yogi Ferrell",2016
1627814,"Starter",2018,"Damion Lee",2016
1627815,"Roster",2016,"Sheldon Mac",2016
1627816,"Roster",2017,"Alex Poythress",2016
1627817,"Roster",2016,"Tim Quarterman",2016
1627819,"Rotation",2017,"Isaiah Taylor",2016
1627820,"Roster",2017,"Tyrone Wallace",2016
1627821,"Roster",2017,"James Webb III",2016
1627822,"Roster",2021,"Petr Cornelie",2016
1627823,"Rotation",2016,"Juan Hernangomez",2016
1627824,"Roster",2017,"Guerschon Yabusele",2016
1627826,"Starter",2016,"Ivica Zubac",2016
1627827,"Starter",2016,"Dorian Finney-Smith",2016
1627832,"Starter",2016,"Fred VanVleet",2016
1627834,"Roster",2016,"Georgios Papagiannis",2016
1627835,"Roster",2016,"Paul Zipser",2016
1627846,"Roster",2017,"Abdel Nader",2016
1627849,"Roster",2016,"Daniel Ochefu",2016
1627850,"Roster",2016,"Marshall Plumlee",2016
1627851,"Rotation",2016,"Mindaugas Kuzminskas",2011
1627852,"Roster",2016,"Nicolas Brussino",2015
1627853,"Rotation",2017,"Ryan Arcidiacono",2016
1627854,"Starter",2016,"Bryn Forbes",2016
1627855,"Roster",2017,"Okaro White",2014
1627856,"Roster",2017,"Matt Costello",2016
1627858,"Roster",2017,"Kyle Collinsworth",2016
1627863,"Starter",2016,"Danuel House",2016
1627875,"Roster",2017,"Marcus Georges-Hunt",2016
1627883,"Roster",2017,"Jalen Jones",2016
1627884,"Starter",2016,"Derrick Jones",2016
1627885,"Rotation",2018,"Shaquille Harrison",2016
1627936,"Rotation",2017,"Alex Caruso",2016
1627982,"Roster",2019,"Josh Gray",2016
1627988,"Roster",2017,"Myke Henry",2016
1628013,"Out of the League",2017,NA,NA
1628021,"Rotation",2017,"David Nwaba",2016
1628035,"Rotation",2017,"Alfonzo McKinnie",2015
1628070,"Roster",2018,"Jordan Loyd",2016
1628365,"Starter",2017,"Markelle Fultz",2017
1628366,"Starter",2017,"Lonzo Ball",2017
1628367,"Rotation",2017,"Josh Jackson",2017
1628368,"Starter",2017,"De'Aaron Fox",2017
1628369,"Starter",2017,"Jayson Tatum",2017
1628370,"Starter",2017,"Malik Monk",2017
1628371,"Starter",2017,"Jonathan Isaac",2017
1628372,"Starter",2017,"Dennis Smith",2017
1628373,"Rotation",2017,"Frank Ntilikina",2017
1628374,"Starter",2017,"Lauri Markkanen",2017
1628378,"Starter",2017,"Donovan Mitchell",2017
1628379,"Rotation",2017,"Luke Kennard",2017
1628380,"Rotation",2017,"Zach Collins",2017
1628381,"Starter",2017,"John Collins",2017
1628382,"Starter",2017,"Justin Jackson",2017
1628383,"Roster",2017,"Justin Patton",2017
1628384,"Starter",2017,"OG Anunoby",2017
1628385,"Roster",2017,"Harry Giles",2017
1628386,"Starter",2017,"Jarrett Allen",2017
1628387,"Roster",2017,"Ike Anigbogu",2017
1628388,"Roster",2017,"T.J. Leaf",2017
1628389,"Starter",2017,"Bam Adebayo",2017
1628390,"Starter",2017,"Terrance Ferguson",2017
1628391,"Roster",2017,"D.J. Wilson",2017
1628391,"Roster",2017,"DJ Wilson",2017
1628392,"Rotation",2018,"Isaiah Hartenstein",2017
1628393,"Roster",2017,"Jawun Evans",2017
1628395,"Roster",2017,"Jordan Bell",2017
1628396,"Roster",2017,"Tony Bradley",2017
1628397,"Roster",2017,"Ivan Rabb",2017
1628398,"Starter",2017,"Kyle Kuzma",2017
1628399,"Roster",2017,"Tyler Lydon",2017
1628400,"Rotation",2017,"Semi Ojeleye",2017
1628401,"Starter",2017,"Derrick White",2017
1628402,"Rotation",2017,"Frank Jackson",2017
1628403,"Roster",2017,"Caleb Swanigan",2017
1628404,"Starter",2017,"Josh Hart",2017
1628405,"Roster",2017,"Johnathan Motley",2017
1628407,"Starter",2017,"Dwayne Bacon",2017
1628409,"Roster",2017,"Alec Peters",2017
1628410,"Roster",2017,"Edmond Sumner",2017
1628411,"Rotation",2017,"Wesley Iwundu",2017
1628412,"Roster",2017,"Frank Mason",2017
1628413,"Roster",2018,"Jonah Bolden",2017
1628414,"Rotation",2017,"Sindarius Thornwell",2017
1628415,"Starter",2017,"Dillon Brooks",2017
1628416,"Roster",2017,"Tyler Dorsey",2017
1628417,"Roster",2018,"Jaron Blossomgame",2017
1628418,"Starter",2017,"Thomas Bryant",2017
1628420,"Starter",2017,"Monte Morris",2017
1628421,"Roster",2017,"Devin Robinson",2017
1628422,"Starter",2017,"Damyean Dotson",2017
1628424,"Roster",2017,"Kobi Simmons",2017
1628425,"Rotation",2017,"Sterling Brown",2017
1628427,"Roster",2019,"Vlatko Cancar",2017
1628429,"Roster",2017,"Charles Cooke",2017
1628430,"Roster",2019,"Nigel Williams-Goss",2017
1628432,"Roster",2017,"Davon Reed",2017
1628436,"Roster",2017,"Luke Kornet",2017
1628439,"Roster",2017,"Isaiah Hicks",2017
1628443,"Roster",2017,"Kadeem Allen",2017
1628444,"Roster",2017,"Jabari Bird",2017
1628449,"Rotation",2017,"Chris Boucher",2017
1628451,"Roster",2017,"Jacob Wiley",2017
1628454,"Out of the League",2017,NA,NA
1628462,"Starter",2017,"Milos Teodosic",2009
1628463,"Roster",2017,"Tyler Cavanaugh",2017
1628464,"Starter",2017,"Daniel Theis",2013
1628467,"Starter",2017,"Maxi Kleber",2014
1628469,"Roster",2017,"Antonio Blakeney",2017
1628470,"Starter",2017,"Torrey Craig",2014
1628473,"Out of the League",2017,NA,NA
1628475,"Roster",2017,"Matt Williams",2017
1628476,"Roster",2017,"Derrick Walton Jr.",2017
1628476,"Roster",2017,"Derrick Walton",2017
1628493,"Roster",2017,"Mangok Mathiang",2017
1628495,"Roster",2017,"Milton Doyle",2017
1628499,"Roster",2017,"Antonius Cleveland",2017
1628500,"Roster",2017,"Ben Moore",2017
1628503,"Roster",2017,"Jamel Artis",2017
1628505,"Roster",2018,"Troy Caupain",2017
1628506,"Roster",2017,"London Perrantes",2017
1628510,"Roster",2017,"Andrew White",2017
1628513,"Roster",2017,"Naz Mitrou-Long",2017
1628515,"Roster",2018,"Isaiah Briscoe",2017
1628518,"Roster",2017,"Amile Jefferson",2017
1628537,"Roster",2018,"Jaylen Morris",2017
1628539,"Roster",2020,"Mychal Mulder",2017
1628571,"Roster",2017,"Erik McCree",2017
1628695,"Out of the League",2017,NA,NA
1628778,"Roster",2020,"Paul Watson",2017
1628959,"Roster",2018,"Rawle Alkins",2018
1628960,"Starter",2018,"Grayson Allen",2018
1628961,"Roster",2018,"Kostas Antetokounmpo",2018
1628962,"Roster",2020,"Udoka Azubuike",2020
1628963,"Starter",2018,"Marvin Bagley",2018
1628964,"Starter",2018,"Mohamed Bamba",2018
1628966,"Roster",2018,"Keita Bates-Diop",2018
1628968,"Roster",2019,"Brian Bowen II",2019
1628969,"Starter",2018,"Mikal Bridges",2018
1628970,"Starter",2018,"Miles Bridges",2018
1628971,"Starter",2018,"Bruce Brown",2018
1628972,"Rotation",2018,"Troy Brown",2018
1628973,"Starter",2018,"Jalen Brunson",2018
1628975,"Roster",2018,"Jevon Carter",2018
1628976,"Starter",2018,"Wendell Carter",2018
1628977,"Rotation",2018,"Hamidou Diallo",2018
1628978,"Starter",2018,"Donte DiVincenzo",2018
1628979,"Roster",2018,"Trevon Duval",2018
1628980,"Roster",2018,"Jacob Evans",2018
1628981,"Roster",2019,"Bruno Fernando",2019
1628982,"Roster",2018,"Melvin Frazier",2018
1628983,"Starter",2018,"Shai Gilgeous-Alexander",2018
1628984,"Starter",2018,"Devonte Graham",2018
1628988,"Starter",2018,"Aaron Holiday",2018
1628989,"Starter",2018,"Kevin Huerter",2018
1628990,"Roster",2018,"Chandler Hutchison",2018
1628991,"Starter",2018,"Jaren Jackson",2018
1628992,"Out of the League",2017,NA,NA
1628993,"Roster",2018,"Alize Johnson",2018
1628994,"Roster",2018,"George King",2018
1628995,"Starter",2018,"Kevin Knox",2018
1628997,"Rotation",2019,"Caleb Martin",2019
1628998,"Rotation",2019,"Cody Martin",2019
1628999,"Roster",2018,"Yante Maten",2018
1629001,"Rotation",2018,"De'Anthony Melton",2018
1629002,"Rotation",2018,"Chimezie Metu",2018
1629003,"Rotation",2018,"Shake Milton",2018
1629004,"Rotation",2018,"Svi Mykhailiuk",2018
1629006,"Starter",2018,"Josh Okogie",2018
1629007,"Roster",2020,"Jontay Porter",2019
1629008,"Starter",2018,"Michael Porter",2018
1629010,"Roster",2018,"Jerome Robinson",2018
1629011,"Starter",2018,"Mitchell Robinson",2018
1629012,"Starter",2018,"Collin Sexton",2018
1629013,"Rotation",2018,"Landry Shamet",2018
1629014,"Rotation",2018,"Anfernee Simons",2018
1629015,"Roster",2018,"Zhaire Smith",2018
1629016,"Roster",2018,"Omari Spellman",2018
1629017,"Roster",2018,"Khyri Thomas",2018
1629018,"Starter",2018,"Gary Trent",2018
1629019,"Rotation",2018,"Allonzo Trier",2018
1629020,"Starter",2018,"Jarred Vanderbilt",2018
1629021,"Roster",2018,"Moritz Wagner",2018
1629022,"Starter",2018,"Lonnie Walker",2018
1629023,"Starter",2019,"P.J. Washington",2019
1629023,"Starter",2019,"PJ Washington",2019
1629026,"Rotation",2018,"Kenrich Williams",2018
1629027,"Starter",2018,"Trae Young",2018
1629028,"Starter",2018,"DeAndre Ayton",2018
1629029,"Starter",2018,"Luka Dončić",2018
1629029,"Starter",2018,"Luka Doncic",2018
1629033,"Roster",2018,"Theo Pinson",2018
1629034,"Roster",2018,"Ray Spalding",2018
1629035,"Roster",2019,"Carsen Edwards",2019
1629037,"Out of the League",2018,NA,NA
1629044,"Roster",2019,"Shamorie Ponds",2019
1629048,"Roster",2019,"Goga Bitadze",2019
1629052,"Rotation",2019,"O'Shae Brissett",2019
1629053,"Roster",2018,"Vince Edwards",2018
1629055,"Roster",2018,"Donte Grantham",2018
1629056,"Rotation",2019,"Terence Davis",2019
1629057,"Starter",2018,"Robert Williams",2018
1629058,"Roster",2018,"Džanan Musa",2018
1629059,"Roster",2018,"Elie Okobo",2018
1629060,"Starter",2019,"Rui Hachimura",2019
1629065,"Rotation",2019,"Ky Bowman",2019
1629066,"Starter",2018,"Rodions Kurucs",2018
1629067,"Starter",2018,"Isaac Bonga",2018
1629076,"Roster",2019,"Tyler Cook",2019
1629083,"Roster",2021,"Arnoldas Kulboka",2018
1629094,"Roster",2018,"Marcus Derrickson",2018
1629102,"Roster",2018,"Brandon Sampson",2018
1629103,"Roster",2019,"Kelan Martin",2018
1629107,"Out of the League",2018,NA,NA
1629109,"Roster",2018,"Gary Clark",2018
1629111,"Roster",2021,"Jock Landale",2018
1629116,"Roster",2018,"Angel Delgado",2018
1629117,"Roster",2018,"Wenyen Gabriel",2018
1629118,"Roster",2018,"Thomas Welsh",2018
1629121,"Roster",2018,"Jaylen Adams",2018
1629122,"Roster",2018,"J.P. Macura",2018
1629123,"Roster",2018,"Jared Terrell",2018
1629126,"Roster",2018,"Deonte Burton",2017
1629129,"Out of the League",2018,NA,NA
1629130,"Starter",2018,"Duncan Robinson",2018
1629133,"Roster",2018,"Daryl Macon",2018
1629134,"Starter",2019,"Kendrick Nunn",2018
1629139,"Roster",2018,"Yuta Watanabe",2018
1629140,"Roster",2018,"Johnathan Williams III",2018
1629147,"Roster",2018,"Joe Chealey",2018
1629151,"Roster",2018,"Ryan Broekhoff",2013
1629155,"Roster",2018,"Zach Lofton",2018
1629162,"Roster",2019,"Jordan McLaughlin",2018
1629164,"Roster",2018,"Brandon Goodwin",2018
1629168,"Roster",2019,"B.J. Johnson",2018
1629168,"Roster",2019,"BJ Johnson",2018
1629185,"Roster",2019,"Chris Chiozza",2018
1629203,"Roster",2021,"Jemerrio Jones",2018
1629216,"Rotation",2020,"Gabe Vincent",2018
1629234,"Roster",2018,"Drew Eubanks",2018
1629244,"Out of the League",2019,"Cam Reynolds",2018
1629308,"Rotation",2020,"Juan Toscano-Anderson",2015
1629322,"Out of the League",2019,NA,NA
1629346,"Roster",2019,"Alen Smailagic",2019
1629597,"Roster",2019,"Zylan Cheatham",2019
1629598,"Roster",2019,"Chris Clemons",2019
1629599,"Rotation",2019,"Amir Coffey",2019
1629600,"Roster",2021,"Jarron Cumberland",2020
1629602,"Roster",2021,"Javin DeLaurier",2020
1629603,"Roster",2020,"Mamadi Diakite",2020
1629604,"Rotation",2020,"C.J. Elleby",2020
1629604,"Rotation",2020,"CJ Elleby",2020
1629605,"Roster",2019,"Tacko Fall",2019
1629606,"Out of the League",2019,"Robert Franks",2019
1629607,"Roster",2019,"Jared Harper",2019
1629608,"Roster",2019,"Dewan Hernandez",2019
1629610,"Roster",2019,"DaQuan Jeffries",2019
1629611,"Starter",2019,"Terance Mann",2019
1629617,"Roster",2020,"Reggie Perry",2020
1629619,"Roster",2021,"Myles Powell",2020
1629620,"Roster",2019,"Justin Robinson",2019
1629621,"Roster",2019,"Marial Shayok",2019
1629622,"Rotation",2019,"Max Strus",2019
1629625,"Roster",2019,"Justin Wright-Foreman",2019
1629626,"Roster",2019,"Bol Bol",2019
1629627,"Roster",2019,"Zion Williamson",2019
1629628,"Starter",2019,"R.J. Barrett",2019
1629628,"Starter",2019,"RJ Barrett",2019
1629629,"Rotation",2019,"Cam Reddish",2019
1629630,"Starter",2019,"Ja Morant",2019
1629631,"Starter",2019,"De'Andre Hunter",2019
1629632,"Starter",2019,"Coby White",2019
1629633,"Rotation",2019,"Jarrett Culver",2019
1629634,"Rotation",2019,"Brandon Clarke",2019
1629635,"Roster",2019,"Sekou Doumbouya",2019
1629636,"Starter",2019,"Darius Garland",2019
1629637,"Rotation",2019,"Jaxson Hayes",2019
1629638,"Rotation",2019,"Nickeil Alexander-Walker",2019
1629639,"Starter",2019,"Tyler Herro",2019
1629640,"Starter",2019,"Keldon Johnson",2019
1629641,"Roster",2019,"Romeo Langford",2019
1629642,"Rotation",2019,"Nassir Little",2019
1629643,"Rotation",2020,"Chuma Okeke",2019
1629644,"Roster",2019,"Kezie Okpala",2019
1629645,"Starter",2019,"Kevin Porter Jr.",2019
1629645,"Starter",2019,"Kevin Porter",2019
1629646,"Roster",2021,"Charles Bassey",2021
1629647,"Starter",2019,"Darius Bazley",2019
1629648,"Roster",2019,"Jordan Bone",2019
1629649,"Roster",2019,"Ignas Brazdeikis",2019
1629650,"Roster",2019,"Moses Brown",2019
1629651,"Roster",2019,"Nicolas Claxton",2019
1629652,"Starter",2019,"Luguentz Dort",2019
1629653,"Roster",2020,"Devon Dotson",2020
1629654,"Out of the League",2019,NA,NA
1629655,"Starter",2019,"Daniel Gafford",2019
1629656,"Roster",2021,"Quentin Grimes",2021
1629657,"Roster",2019,"Kyle Guy",2019
1629658,"Roster",2019,"Jaylen Hoard",2019
1629659,"Rotation",2019,"Talen Horton-Tucker",2019
1629660,"Roster",2019,"Ty Jerome",2019
1629661,"Starter",2019,"Cameron Johnson",2019
1629662,"Roster",2019,"Mfiondu Kabengele",2019
1629663,"Roster",2019,"Louis King",2019
1629665,"Roster",2019,"Jalen Lecque",2019
1629667,"Roster",2019,"Jalen McDaniels",2019
1629669,"Roster",2019,"Jaylen Nowell",2019
1629670,"Rotation",2020,"Jordan Nwora",2020
1629671,"Roster",2019,"Miye Oni",2019
1629672,"Rotation",2019,"Eric Paschall",2019
1629673,"Starter",2019,"Jordan Poole",2019
1629674,"Roster",2021,"Neemias Queta",2021
1629675,"Rotation",2019,"Naz Reid",2019
1629676,"Rotation",2019,"Isaiah Roby",2019
1629677,"Roster",2019,"Luka Samanic",2019
1629678,"Roster",2019,"Admiral Schofield",2019
1629680,"Starter",2019,"Matisse Thybulle",2019
1629681,"Roster",2020,"Killian Tillie",2020
1629682,"Roster",2019,"Tremont Waters",2019
1629683,"Roster",2019,"Quinndary Weatherspoon",2019
1629684,"Rotation",2019,"Grant Williams",2019
1629685,"Roster",2019,"Dylan Windler",2019
1629686,"Roster",2020,"Deividas Sirvydis",2019
1629690,"Roster",2019,"Adam Mokoka",2019
1629712,"Roster",2021,"Didi Louzada",2019
1629713,"Roster",2019,"Justin James",2019
1629714,"Roster",2019,"Jarrell Brantley",2019
1629716,"Roster",2020,"Marques Bolden",2019
1629717,"Roster",2021,"Armoni Brooks",2019
1629718,"Roster",2019,"Charlie Brown",2019
1629719,"Roster",2020,"Devontae Cacok",2019
1629723,"Rotation",2019,"John Konchar",2019
1629726,"Rotation",2019,"Garrison Matthews",2019
1629726,"Rotation",2019,"Garrison Mathews",2019
1629729,"Roster",2019,"Josh Reaves",2019
1629730,"Roster",2020,"Rayjon Tucker",2019
1629731,"Rotation",2019,"Dean Wade",2019
1629735,"Roster",2019,"Chris Silva",2019
1629738,"Roster",2019,"Vincent Poirier",2015
1629740,"Rotation",2019,"Nicolo Melli",2013
1629741,"Roster",2019,"Marko Guduric",2017
1629744,"Roster",2019,"Matt Thomas",2017
1629750,"Starter",2019,"Javonte Green",2015
1629752,"Roster",2019,"Juwan Morgan",2019
1629760,"Roster",2021,"Matt Mooney",2019
1629783,"Roster",2021,"Shaq Buchanan",2019
1629788,"Roster",2021,"Tyler Hall",2019
1629833,"Roster",2020,"Keljin Blevins",2019
1629866,"Out of the League",2021,NA,NA
1629875,"Roster",2021,"Xavier Moon",2017
1630003,"Out of the League",2016,NA,NA
1630162,"Starter",2020,"Anthony Edwards",2020
1630163,"Rotation",2020,"LaMelo Ball",2020
1630164,"Roster",2020,"James Wiseman",2020
1630165,"Starter",2020,"Killian Hayes",2020
1630166,"Rotation",2020,"Deni Avdija",2020
1630167,"Rotation",2020,"Obi Toppin",2020
1630168,"Roster",2020,"Onyeka Okongwu",2020
1630169,"Starter",2020,"Tyrese Haliburton",2020
1630170,"Rotation",2020,"Devin Vassell",2020
1630171,"Starter",2020,"Isaac Okoro",2020
1630172,"Starter",2020,"Patrick Williams",2020
1630173,"Rotation",2020,"Precious Achiuwa",2020
1630174,"Roster",2020,"Aaron Nesmith",2020
1630175,"Starter",2020,"Cole Anthony",2020
1630176,"Roster",2020,"Vernon Carey Jr.",2020
1630176,"Roster",2020,"Vernon Carey",2020
1630177,"Starter",2020,"Theo Maledon",2020
1630178,"Starter",2020,"Tyrese Maxey",2020
1630179,"Roster",2020,"Tyrell Terry",2020
1630180,"Starter",2020,"Saddiq Bey",2020
1630181,"Rotation",2020,"R.J. Hampton",2020
1630181,"Rotation",2020,"RJ Hampton",2020
1630182,"Rotation",2020,"Josh Green",2020
1630183,"Rotation",2020,"Jaden McDaniels",2020
1630184,"Roster",2020,"Kira Lewis",2020
1630185,"Roster",2020,"Nico Mannion",2020
1630186,"Roster",2020,"Jahmius Ramsey",2020
1630187,"Roster",2020,"Daniel Oturu",2020
1630188,"Roster",2020,"Jalen Smith",2020
1630189,"Roster",2020,"Tyler Bey",2020
1630190,"Roster",2020,"Elijah Hughes",2020
1630191,"Starter",2020,"Isaiah Stewart",2020
1630192,"Roster",2020,"Zeke Nnaji",2020
1630193,"Rotation",2020,"Immanuel Quickley",2020
1630194,"Roster",2020,"Paul Reed",2020
1630195,"Roster",2021,"Leandro Bolmaro",2020
1630197,"Rotation",2020,"Aleksej Pokusevski",2020
1630198,"Roster",2020,"Isaiah Joe",2020
1630199,"Roster",2020,"Cassius Stanley",2020
1630200,"Rotation",2020,"Tre Jones",2020
1630201,"Roster",2020,"Malachi Flynn",2020
1630202,"Rotation",2020,"Payton Pritchard",2020
1630203,"Roster",2020,"Grant Riller",2020
1630204,"Roster",2020,"Ashton Hagans",2020
1630205,"Rotation",2020,"Lamar Stevens",2020
1630206,"Roster",2020,"Jay Scrubb",2020
1630207,"Roster",2020,"Nate Hinton",2020
1630208,"Roster",2020,"Nick Richards",2020
1630209,"Roster",2021,"Omer Yurtseven",2020
1630210,"Roster",2020,"Markus Howard",2020
1630211,"Roster",2020,"Karim Mane",2020
1630214,"Rotation",2020,"Xavier Tillman",2020
1630215,"Roster",2021,"Jared Butler",2021
1630216,"Roster",2020,"Cassius Winston",2020
1630217,"Starter",2020,"Desmond Bane",2020
1630218,"Roster",2020,"Robert Woodard Jr.",2020
1630218,"Roster",2020,"Robert Woodard",2020
1630219,"Roster",2020,"Skylar Mays",2020
1630221,"Roster",2020,"Josh Hall",2020
1630222,"Roster",2020,"Mason Jones",2020
1630223,"Roster",2020,"Jalen Harris",2020
1630224,"Starter",2021,"Jalen Green",2021
1630225,"Roster",2021,"Isaiah Todd",2021
1630227,"Roster",2021,"Daishen Nix",2021
1630228,"Rotation",2021,"Jonathan Kuminga",2021
1630230,"Roster",2020,"Naji Marshall",2020
1630231,"Rotation",2020,"Kenyon Martin",2020
1630233,"Roster",2020,"Nathan Knight",2020
1630234,"Roster",2020,"Ty-Shon Alexander",2020
1630235,"Roster",2020,"Trent Forrest",2020
1630238,"Roster",2021,"Malik Fitts",2020
1630240,"Roster",2020,"Saben Lee",2020
1630241,"Roster",2020,"Sam Merrill",2020
1630243,"Roster",2021,"Trevelin Queen",2020
1630245,"Starter",2021,"Ayo Dosunmu",2021
1630249,"Roster",2021,"Vit Krejci",2020
1630250,"Roster",2021,"Marko Simonovic",2020
1630253,"Roster",2020,"Sean McDermott",2020
1630256,"Starter",2020,"Jae'Sean Tate",2018
1630264,"Roster",2020,"Anthony Gill",2016
1630266,"Roster",2020,"Will Magnay",2018
1630267,"Rotation",2020,"Facundo Campazzo",2013
1630268,"Roster",2020,"Nate Darling",2020
1630271,"Roster",2020,"Brodric Thomas",2020
1630273,"Roster",2021,"Freddie Gillespie",2020
1630278,"Roster",2021,"Ade Murkey",2020
1630286,"Roster",2021,"Trevon Scott",2020
1630288,"Roster",2021,"Jeff Dowtin",2020
1630314,"Roster",2021,"Brandon Williams",2021
1630466,"Roster",2021,"Gabriel Deck",2017
1630525,"Roster",2021,"David Johnson",2021
1630526,"Starter",2021,"Jeremiah Robinson-Earl",2021
1630527,"Roster",2021,"BJ Boston",2021
1630528,"Rotation",2021,"Josh Christopher",2021
1630529,"Starter",2021,"Herb Jones",2021
1630530,"Roster",2021,"Trey Murphy",2021
1630531,"Roster",2021,"Jaden Springer",2021
1630532,"Starter",2021,"Franz Wagner",2021
1630533,"Rotation",2021,"Ziaire Williams",2021
1630535,"Roster",2021,"Greg Brown",2021
1630536,"Roster",2021,"Sharife Cooper",2021
1630537,"Starter",2021,"Chris Duarte",2021
1630538,"Rotation",2021,"Nah'shon Hyland",2021
1630539,"Roster",2021,"Kai Jones",2021
1630540,"Roster",2021,"Deuce McBride",2021
1630541,"Roster",2021,"Moses Moody",2021
1630543,"Roster",2021,"Isaiah Jackson",2021
1630544,"Rotation",2021,"Tre Mann",2021
1630547,"Roster",2021,"James Bouknight",2021
1630549,"Roster",2021,"Day'Ron Sharpe",2021
1630550,"Roster",2021,"JT Thor",2021
1630551,"Roster",2021,"Justin Champagnie",2021
1630552,"Roster",2021,"Jalen Johnson",2021
1630553,"Roster",2021,"Keon Johnson",2021
1630554,"Out of the League",2021,NA,NA
1630555,"Roster",2021,"Joel Ayayi",2021
1630556,"Roster",2021,"Kessler Edwards",2021
1630557,"Starter",2021,"Corey Kispert",2021
1630558,"Starter",2021,"Davion Mitchell",2021
1630559,"Rotation",2021,"Austin Reaves",2021
1630560,"Rotation",2021,"Cam Thomas",2021
1630561,"Roster",2021,"David Duke",2021
1630563,"Roster",2021,"Josh Primo",2021
1630565,"Roster",2021,"Aaron Henry",2021
1630567,"Starter",2021,"Scottie Barnes",2021
1630568,"Roster",2021,"Luka Garza",2021
1630570,"Roster",2021,"Trendon Watford",2021
1630572,"Roster",2021,"Sandro Mamukelashvili",2021
1630573,"Roster",2021,"Sam Hauser",2021
1630575,"Roster",2021,"Scottie Lewis",2021
1630578,"Rotation",2021,"Alperen Şengun",2021
1630579,"Roster",2021,"Jericho Sims",2021
1630580,"Roster",2021,"Joe Wieskamp",2021
1630581,"Starter",2021,"Josh Giddey",2021
1630582,"Roster",2021,"Yves Pons",2021
1630583,"Roster",2021,"Santiago Aldama",2021
1630585,"Roster",2021,"Marcus Garrett",2021
1630586,"Roster",2021,"Usman Garuba",2021
1630587,"Roster",2021,"Isaiah Livers",2021
1630589,"Roster",2021,"Moses Wright",2021
1630591,"Starter",2021,"Jalen Suggs",2021
1630593,"Roster",2021,"McKinley Wright",2021
1630595,"Starter",2021,"Cade Cunningham",2021
1630596,"Starter",2021,"Evan Mobley",2021
1630598,"Rotation",2021,"Aaron Wiggins",2021
1630605,"Roster",2021,"JaQuori McLaughlin",2021
1630606,"Roster",2021,"Javonte Smart",2021
1630607,"Out of the League",2021,NA,NA
1630610,"Out of the League",2021,NA,NA
1630612,"Roster",2021,"RJ Nembhard",2021
1630613,"Roster",2021,"Duane Washington",2021
1630625,"Roster",2021,"Dalano Banton",2021
1630631,"Roster",2021,"Jose Alvarado",2021
1630637,"Roster",2021,"Carlik Jones",2021
1630643,"Roster",2021,"Jay Huff",2021
1630644,"Roster",2021,"Mac McClung",2021
1630647,"Roster",2021,"Eugene Omoruyi",2021
1630648,"Roster",2021,"Jordan Schakel",2021
1630678,"Roster",2021,"Terry Taylor",2021
1630688,"Roster",2021,"Ishmail Wainright",2017
1630691,"Roster",2021,"Jamorko Pickett",2021
1630698,"Roster",2021,"Kevin Pangos",2015
1630700,"Out of the League",2021,NA,NA
1630707,"Out of the League",2021,NA,NA
1630787,"Roster",2021,"Cameron McGriff",2020
1630792,"Roster",2021,"Malcolm Hill",2017
1630928,"Out of the League",2017,NA,NA
1631310,"Out of the League",2016,NA,NA
1962937319,"Out of the League",2018,NA,NA
NA,"Out of the League",2017,NA,NA
